,Datetime,Tweet Id,Text
0,2020-06-22 18:59:35,1275141399638310914,"RT @realDonaldTrump: RIGGED 2020 ELECTION: MILLIONS OF MAIL-IN BALLOTS WILL BE PRINTED BY FOREIGN COUNTRIES, AND OTHERS. IT WILL BE THE SCA‚Ä¶"
1,2020-06-22 18:58:17,1275141071316619270,RT @realDonaldTrump: Barr: Mail-in Ballots ‚ÄòAbsolutely Opens the Floodgates to Fraud‚Äò https://t.co/vd4AD3EPb0 via @BreitbartNews. This will‚Ä¶
2,2020-06-22 18:58:00,1275141003050135553,"RT @realDonaldTrump: RIGGED 2020 ELECTION: MILLIONS OF MAIL-IN BALLOTS WILL BE PRINTED BY FOREIGN COUNTRIES, AND OTHERS. IT WILL BE THE SCA‚Ä¶"
3,2020-06-22 18:57:00,1275140748401401859,"RT @realDonaldTrump: Because of MAIL-IN BALLOTS, 2020 will be the most RIGGED Election in our nations history - unless this stupidity is en‚Ä¶"
4,2020-06-22 18:54:42,1275140171483226115,"RT @ekww11: OKLAHOMA ‚õÖ‚ö°

Primary Election üá∫üá∏
June 30, 2020

Are you registered? 
https://t.co/Z1bt3OBIWr
Know your polling place? 
https://‚Ä¶"
5,2020-06-22 18:52:44,1275139675087187968,"RT @ekww11: OKLAHOMA ‚õÖ‚ö°

Primary Election üá∫üá∏
June 30, 2020

Are you registered? 
https://t.co/Z1bt3OBIWr
Know your polling place? 
https://‚Ä¶"
6,2020-06-22 18:50:27,1275139100962586625,"RT @ekww11: OKLAHOMA ‚õÖ‚ö°

Primary Election üá∫üá∏
June 30, 2020

Are you registered? 
https://t.co/Z1bt3OBIWr
Know your polling place? 
https://‚Ä¶"
7,2020-06-22 18:49:54,1275138964077363200,"RT @ekww11: COLORADO üèÇüèÇ

Primary Election üá∫üá∏
June 30, 2020

Are you registered? 
https://t.co/Z1bt3Ok84T
Know your polling place? 
https://‚Ä¶"
8,2020-06-22 18:46:23,1275138078978514954,"RT @ruthymunoz: Contrary to what POTUS is tweeting about Absentee Voting being the #ScandalofOurTimes, this article from April shows the su‚Ä¶"
9,2020-06-22 18:45:09,1275137766192488448,"RT @ekww11: COLORADO üèÇüèÇ

Primary Election üá∫üá∏
June 30, 2020

Are you registered? 
https://t.co/Z1bt3Ok84T
Know your polling place? 
https://‚Ä¶"
10,2020-06-22 18:43:59,1275137472679346178,"RT @ekww11: OKLAHOMA ‚õÖ‚ö°

Primary Election üá∫üá∏
June 30, 2020

Are you registered? 
https://t.co/Z1bt3OBIWr
Know your polling place? 
https://‚Ä¶"
11,2020-06-22 18:43:47,1275137423559856132,"RT @ekww11: OKLAHOMA ‚õÖ‚ö°

Primary Election üá∫üá∏
June 30, 2020

Are you registered? 
https://t.co/Z1bt3OBIWr
Know your polling place? 
https://‚Ä¶"
12,2020-06-22 18:38:38,1275136128086147073,"RT @DemocracyInn: BREAKING: As Trump continues to tweet lies about ""rigged"" elections due to mail-in ballots, it is important to remember t‚Ä¶"
13,2020-06-22 18:36:38,1275135625973444612,@realDonaldTrump @SteveHiltonx @FoxNews Your election in 2020 will be a tragic result for all of the USA. üá∫üá∏
14,2020-06-22 18:35:51,1275135428669120512,"RT @realDonaldTrump: RIGGED 2020 ELECTION: MILLIONS OF MAIL-IN BALLOTS WILL BE PRINTED BY FOREIGN COUNTRIES, AND OTHERS. IT WILL BE THE SCA‚Ä¶"
15,2020-06-22 18:31:50,1275134418642825217,"RT @realDonaldTrump: RIGGED 2020 ELECTION: MILLIONS OF MAIL-IN BALLOTS WILL BE PRINTED BY FOREIGN COUNTRIES, AND OTHERS. IT WILL BE THE SCA‚Ä¶"
16,2020-06-22 18:25:06,1275132722252599297,"RT @realDonaldTrump: Because of MAIL-IN BALLOTS, 2020 will be the most RIGGED Election in our nations history - unless this stupidity is en‚Ä¶"
17,2020-06-22 18:14:04,1275129945254178816,"@muntverzamelaar @BeTrueAnd Send me a direct statement from the founders of BLM, not detractors and conspiracy theo‚Ä¶ https://t.co/XFX7pSUC8H"
18,2020-06-22 18:07:52,1275128384096481280,"Gen-Z Who Agree (X) Had A Major Impact On Their Worldview:

Covid19: 75%
BLM: 68%
Trump's Election: 63%
Mass Shooti‚Ä¶ https://t.co/D20TkUPSxB"
19,2020-06-22 18:07:37,1275128321051897863,"RT @realDonaldTrump: RIGGED 2020 ELECTION: MILLIONS OF MAIL-IN BALLOTS WILL BE PRINTED BY FOREIGN COUNTRIES, AND OTHERS. IT WILL BE THE SCA‚Ä¶"
20,2020-06-22 18:07:03,1275128181788413957,"@realDonaldTrump Hey, how is 2020 official registration for foreign Countries willing to interfere in the #USA Elec‚Ä¶ https://t.co/fuJBy4FUhH"
21,2020-06-22 18:06:20,1275128001529856000,@weaverXP @realDonaldTrump How is the 2020 official registration for foreign Countries willing to interfere in the‚Ä¶ https://t.co/vF8YStttLV
22,2020-06-22 18:06:18,1275127990591127557,"RT @realDonaldTrump: RIGGED 2020 ELECTION: MILLIONS OF MAIL-IN BALLOTS WILL BE PRINTED BY FOREIGN COUNTRIES, AND OTHERS. IT WILL BE THE SCA‚Ä¶"
23,2020-06-22 17:55:45,1275125337341464578,"Supreme Court‚Äôs final day in session is next Monday, with 2 trump cases &amp; his resistance to release any and all fin‚Ä¶ https://t.co/FpIRnYQmU9"
24,2020-06-22 17:54:46,1275125089634312192,"RT @Anon_WWG1WGA: Recruiting teens and praising them on interfering in the 2020 election?  This doesn‚Äôt seem right to me, but shows the cha‚Ä¶"
25,2020-06-22 17:49:12,1275123688174739458,"@ChrisCoons https://t.co/WoWGhxAZba

https://t.co/w4gr6YkNfE

https://t.co/jvTnk9IPUg"
26,2020-06-22 17:49:07,1275123668226412544,"RT @realDonaldTrump: Because of MAIL-IN BALLOTS, 2020 will be the most RIGGED Election in our nations history - unless this stupidity is en‚Ä¶"
27,2020-06-22 17:45:32,1275122764102467584,"RT @ekww11: OKLAHOMA ‚õÖ‚ö°

Primary Election üá∫üá∏
June 30, 2020

Are you registered? 
https://t.co/Z1bt3OBIWr
Know your polling place? 
https://‚Ä¶"
28,2020-06-22 17:45:29,1275122754627518471,"RT @ekww11: COLORADO üèÇüèÇ

Primary Election üá∫üá∏
June 30, 2020

Are you registered? 
https://t.co/Z1bt3Ok84T
Know your polling place? 
https://‚Ä¶"
29,2020-06-22 17:44:58,1275122621315551233,"RT @VastFlash: @realDonaldTrump 

ELECTION YEAR 2020 ..NOV 3

A year of ANTIFA vs MAGA TRUMP PATRIOTS

DONALD J TRUMP  
-GREATEST PRESIDENT‚Ä¶"
30,2020-06-22 17:43:12,1275122176778285060,"RT @ekww11: COLORADO üèÇüèÇ

Primary Election üá∫üá∏
June 30, 2020

Are you registered? 
https://t.co/Z1bt3Ok84T
Know your polling place? 
https://‚Ä¶"
31,2020-06-22 17:42:38,1275122036650717184,"üëâWill J. Bolton's book cause a change in the thinking of the majority of Americans? 

November 2020 is election!¬† Q‚Ä¶ https://t.co/7e3um6StZH"
32,2020-06-22 17:39:43,1275121302920146949,"@KFravahar BEWARE AMERICA and retweet this:
Sadly, foreign countries and enemies of the USA attempt to interfere in‚Ä¶ https://t.co/YGFPC0ivIV"
33,2020-06-22 17:38:47,1275121066143342593,"RT @ekww11: COLORADO üèÇüèÇ

Primary Election üá∫üá∏
June 30, 2020

Are you registered? 
https://t.co/Z1bt3Ok84T
Know your polling place? 
https://‚Ä¶"
34,2020-06-22 17:38:43,1275121047746957312,"RT @realDonaldTrump: Because of MAIL-IN BALLOTS, 2020 will be the most RIGGED Election in our nations history - unless this stupidity is en‚Ä¶"
35,2020-06-22 17:38:06,1275120895653265410,"RT @ekww11: COLORADO üèÇüèÇ

Primary Election üá∫üá∏
June 30, 2020

Are you registered? 
https://t.co/Z1bt3Ok84T
Know your polling place? 
https://‚Ä¶"
36,2020-06-22 17:37:20,1275120702547300353,Your desperation is refreshing. I think I understand your concern about the 2020 election being the scandal of our‚Ä¶ https://t.co/dF37mCPauy
37,2020-06-22 17:33:15,1275119672740982785,"RT @ekww11: COLORADO üèÇüèÇ

Primary Election üá∫üá∏
June 30, 2020

Are you registered? 
https://t.co/Z1bt3Ok84T
Know your polling place? 
https://‚Ä¶"
38,2020-06-22 17:32:46,1275119551240339458,"RT @Trey_VonDinkis: .
üéª DAILY DOUCHE DIGEST

Never Trumper, World-class Doughnut Hoover George Conway in Direct Criminal Election Interfere‚Ä¶"
39,2020-06-22 17:32:18,1275119433472716800,"RT @ekww11: COLORADO üèÇüèÇ

Primary Election üá∫üá∏
June 30, 2020

Are you registered? 
https://t.co/Z1bt3Ok84T
Know your polling place? 
https://‚Ä¶"
40,2020-06-22 17:27:42,1275118277983789059,"RT @realDonaldTrump: Because of MAIL-IN BALLOTS, 2020 will be the most RIGGED Election in our nations history - unless this stupidity is en‚Ä¶"
41,2020-06-22 17:23:12,1275117146859884544,"RT @realDonaldTrump: Because of MAIL-IN BALLOTS, 2020 will be the most RIGGED Election in our nations history - unless this stupidity is en‚Ä¶"
42,2020-06-22 17:20:22,1275116432423096323,"RT @Holdon2Hope2020: @JuddLegum @mschlapp We the people of USA will boycott ALL states, countries, businesses who have illegally, unethical‚Ä¶"
43,2020-06-22 17:17:57,1275115822638383104,"RT @realDonaldTrump: RIGGED 2020 ELECTION: MILLIONS OF MAIL-IN BALLOTS WILL BE PRINTED BY FOREIGN COUNTRIES, AND OTHERS. IT WILL BE THE SCA‚Ä¶"
44,2020-06-22 17:15:21,1275115170138935300,USA - Sale temps pour Donald #Trump √† 133 jours de l'√©lection pr√©sidentielle #AFP https://t.co/YpjzZ23hu6
45,2020-06-22 17:15:20,1275115165919227904,"RT @realDonaldTrump: Because of MAIL-IN BALLOTS, 2020 will be the most RIGGED Election in our nations history - unless this stupidity is en‚Ä¶"
46,2020-06-22 17:14:23,1275114927712137217,"RT @realDonaldTrump: RIGGED 2020 ELECTION: MILLIONS OF MAIL-IN BALLOTS WILL BE PRINTED BY FOREIGN COUNTRIES, AND OTHERS. IT WILL BE THE SCA‚Ä¶"
47,2020-06-22 17:13:07,1275114608710344705,"@Glayol12 @realDonaldTrump @restartleader BEWARE AMERICA and retweet this:
Sadly, foreign countries and enemies of‚Ä¶ https://t.co/t0tMVzdWTK"
48,2020-06-22 17:12:27,1275114437368741893,"RT @realDonaldTrump: RIGGED 2020 ELECTION: MILLIONS OF MAIL-IN BALLOTS WILL BE PRINTED BY FOREIGN COUNTRIES, AND OTHERS. IT WILL BE THE SCA‚Ä¶"
49,2020-06-22 17:10:32,1275113957355778049,"RT @ekww11: OKLAHOMA ‚õÖ‚ö°

Primary Election üá∫üá∏
June 30, 2020

Are you registered? 
https://t.co/Z1bt3OBIWr
Know your polling place? 
https://‚Ä¶"
50,2020-06-22 17:10:05,1275113845514809344,"RT @ekww11: OKLAHOMA ‚õÖ‚ö°

Primary Election üá∫üá∏
June 30, 2020

Are you registered? 
https://t.co/Z1bt3OBIWr
Know your polling place? 
https://‚Ä¶"
51,2020-06-22 17:10:00,1275113823113011200,"RT @GlobalObserver2: @MatthewJshow @msb_miami @realDonaldTrump BEWARE AMERICA and retweet this:
Sadly, foreign countries and enemies of the‚Ä¶"
52,2020-06-22 17:08:40,1275113485442207751,"I believe that the USA is the best nation on Earth. Full of extremely bright, hard-working &amp; motivated people who t‚Ä¶ https://t.co/Bs6YnXsKNR"
53,2020-06-22 17:08:24,1275113420254253059,"@Mindarelli21 @realDonaldTrump BEWARE AMERICA and retweet this:
Sadly, foreign countries and enemies of the USA att‚Ä¶ https://t.co/EUKFqx7k9R"
54,2020-06-22 17:05:42,1275112741972344832,"RT @realDonaldTrump: RIGGED 2020 ELECTION: MILLIONS OF MAIL-IN BALLOTS WILL BE PRINTED BY FOREIGN COUNTRIES, AND OTHERS. IT WILL BE THE SCA‚Ä¶"
55,2020-06-22 17:02:23,1275111907364605953,"COLORADO üèÇüèÇ

Primary Election üá∫üá∏
June 30, 2020

Are you registered? 
https://t.co/Z1bt3Ok84T
Know your polling plac‚Ä¶ https://t.co/RGMfWelcx9"
56,2020-06-22 16:59:58,1275111299320442881,"RT @Holdon2Hope2020: @JuddLegum @mschlapp We the people of USA will boycott ALL states, countries, businesses who have illegally, unethical‚Ä¶"
57,2020-06-22 16:56:43,1275110481959714817,"RT @realDonaldTrump: Because of MAIL-IN BALLOTS, 2020 will be the most RIGGED Election in our nations history - unless this stupidity is en‚Ä¶"
58,2020-06-22 16:44:39,1275107443710857229,"RT @angie_keathly: Bolton condemned Trump‚Äôs presidency as dangerous to the US, arguing the 2020 election is the last ‚Äúguardrail‚Äù to protect‚Ä¶"
59,2020-06-22 16:39:22,1275106112895942658,"RT @realDonaldTrump: Because of MAIL-IN BALLOTS, 2020 will be the most RIGGED Election in our nations history - unless this stupidity is en‚Ä¶"
60,2020-06-22 16:36:27,1275105381707022336,"RT @ekww11: OKLAHOMA ‚õÖ‚ö°

Primary Election üá∫üá∏
June 30, 2020

Are you registered? 
https://t.co/Z1bt3OBIWr
Know your polling place? 
https://‚Ä¶"
61,2020-06-22 16:36:10,1275105307442716673,"Contrary to what POTUS is tweeting about Absentee Voting being the #ScandalofOurTimes, this article from April show‚Ä¶ https://t.co/5byuK7al5r"
62,2020-06-22 16:34:34,1275104907079544840,'Systematic Assault on Legitimacy of Our Election': Trump Launches Conspiratorial Attack on Mail-In Voting‚Ä¶ https://t.co/J2IHNuxJtS
63,2020-06-22 16:34:14,1275104822832832521,"@CraigSh8 @MatthewJshow @realDonaldTrump BEWARE AMERICA and retweet this:
Sadly, foreign countries and enemies of t‚Ä¶ https://t.co/dLB4HKHep7"
64,2020-06-22 16:33:56,1275104747398352900,"RT @realDonaldTrump: RIGGED 2020 ELECTION: MILLIONS OF MAIL-IN BALLOTS WILL BE PRINTED BY FOREIGN COUNTRIES, AND OTHERS. IT WILL BE THE SCA‚Ä¶"
65,2020-06-22 16:33:41,1275104683099664385,"@MatthewJshow @msb_miami @realDonaldTrump BEWARE AMERICA and retweet this:
Sadly, foreign countries and enemies of‚Ä¶ https://t.co/xGdDvuaSAw"
66,2020-06-22 16:31:56,1275104243897131011,"@IvankaTrump @Mike_Pence @VP @realDonaldTrump @POTUS 
Conctng dots..
In 2020 der is election in #USA &amp; exactly befo‚Ä¶ https://t.co/VRFpsdEbQC"
67,2020-06-22 16:23:13,1275102051371024385,"RT @GlobalObserver2: @CraigSh8 @MatthewJshow @realDonaldTrump BEWARE AMERICA and retweet this:
Unfortunately, foreign countries and enemies‚Ä¶"
68,2020-06-22 16:14:55,1275099961533792256,"RT @axios: Trump also denied John Bolton's claim that he asked Xi to increase China's farm purchases to help him win in 2020.

But he added‚Ä¶"
69,2020-06-22 16:13:44,1275099662035431426,"RT @ekww11: OKLAHOMA ‚õÖ‚ö°

Primary Election üá∫üá∏
June 30, 2020

Are you registered? 
https://t.co/Z1bt3OBIWr
Know your polling place? 
https://‚Ä¶"
70,2020-06-22 16:13:43,1275099659434971137,"@CraigSh8 @MatthewJshow @realDonaldTrump BEWARE AMERICA and retweet this:
Unfortunately, foreign countries and enem‚Ä¶ https://t.co/Fc9VVTzMCl"
71,2020-06-22 16:12:04,1275099245520072705,RT @realDonaldTrump: Barr: Mail-in Ballots ‚ÄòAbsolutely Opens the Floodgates to Fraud‚Äò https://t.co/vd4AD3EPb0 via @BreitbartNews. This will‚Ä¶
72,2020-06-22 16:11:57,1275099213047750657,"RT @realDonaldTrump: RIGGED 2020 ELECTION: MILLIONS OF MAIL-IN BALLOTS WILL BE PRINTED BY FOREIGN COUNTRIES, AND OTHERS. IT WILL BE THE SCA‚Ä¶"
73,2020-06-22 16:11:49,1275099180810330114,"RT @realDonaldTrump: Because of MAIL-IN BALLOTS, 2020 will be the most RIGGED Election in our nations history - unless this stupidity is en‚Ä¶"
74,2020-06-22 16:11:17,1275099047318224899,"'Chinese-backed hackers were observed targeting former VP Joe Biden's campaign staff, Google said hackers didn't ap‚Ä¶ https://t.co/OCtS63b5G1"
75,2020-06-22 16:05:36,1275097614585933825,"@realDonaldTrump You joke about COVID_19 while Americans deal with a Pandemic? 2,363,825 US cases, 122,292 US death‚Ä¶ https://t.co/Xu6kUxuhzW"
76,2020-06-22 16:02:05,1275096730569256966,"RT @ekww11: OKLAHOMA ‚õÖ‚ö°

Primary Election üá∫üá∏
June 30, 2020

Are you registered? 
https://t.co/Z1bt3OBIWr
Know your polling place? 
https://‚Ä¶"
77,2020-06-22 15:58:39,1275095868430041088,"RT @angie_keathly: Bolton condemned Trump‚Äôs presidency as dangerous to the US, arguing the 2020 election is the last ‚Äúguardrail‚Äù to protect‚Ä¶"
78,2020-06-22 15:56:56,1275095434558652418,"RT @Concealcarrygrl: Ok listen up. Gen Z voters seem to have the mistaken impression that doing ""things"" changes the hearts of people. Such‚Ä¶"
79,2020-06-22 15:52:01,1275094198174339073,"RT @realDonaldTrump: RIGGED 2020 ELECTION: MILLIONS OF MAIL-IN BALLOTS WILL BE PRINTED BY FOREIGN COUNTRIES, AND OTHERS. IT WILL BE THE SCA‚Ä¶"
80,2020-06-22 15:50:09,1275093728244518912,"RT @USA_4Trump_2020: I'm a big time conservative &amp; I love my country &amp; my president. BUT, until @realDonaldTrump &amp; Bill Barr &amp; the rest of‚Ä¶"
81,2020-06-22 15:48:56,1275093420512600064,"Based on most recent opinion polls, the Biden versus Trump contest in the USA looks like this. Still a long time to‚Ä¶ https://t.co/IVULIYg5Pr"
82,2020-06-22 15:48:32,1275093320335626246,"RT @ekww11: OKLAHOMA ‚õÖ‚ö°

Primary Election üá∫üá∏
June 30, 2020

Are you registered? 
https://t.co/Z1bt3OBIWr
Know your polling place? 
https://‚Ä¶"
83,2020-06-22 15:48:07,1275093218309308416,"RT @Turfline: @washingtonpost It tells you that DemocRATs will do anything to stop Trump, even sell their own souls.

 Trump will win Nov.‚Ä¶"
84,2020-06-22 15:47:59,1275093184117342208,"@washingtonpost It tells you that DemocRATs will do anything to stop Trump, even sell their own souls.

 Trump will‚Ä¶ https://t.co/Wsywvrg5I9"
85,2020-06-22 15:47:53,1275093155671683073,"RT @realDonaldTrump: Because of MAIL-IN BALLOTS, 2020 will be the most RIGGED Election in our nations history - unless this stupidity is en‚Ä¶"
86,2020-06-22 15:47:25,1275093040500219904,"RT @ekww11: OKLAHOMA ‚õÖ‚ö°

Primary Election üá∫üá∏
June 30, 2020

Are you registered? 
https://t.co/Z1bt3OBIWr
Know your polling place? 
https://‚Ä¶"
87,2020-06-22 15:44:13,1275092235995021314,#Trump would say anything to be re-elected! His half full #TulsaFlop hurt his feelings. Watch out USA he won't go w‚Ä¶ https://t.co/2zSi8ShPFU
88,2020-06-22 15:42:15,1275091737875185664,@malarkeyfree @USA_Polling @xRj_Dellasallex As far as Kentucky goes it's ultimately up to the counties but the stat‚Ä¶ https://t.co/KD0tMt6Kj0
89,2020-06-22 15:39:21,1275091010377461760,RT @PamelaGeller: Alexandria Ocasio-Cortez BRAGS  about directing children to interfere in an American election via CHINA‚ÄôS TikTok: ‚ÄòY‚Äôall‚Ä¶
90,2020-06-22 15:33:15,1275089474888892417,"RT @realDonaldTrump: RIGGED 2020 ELECTION: MILLIONS OF MAIL-IN BALLOTS WILL BE PRINTED BY FOREIGN COUNTRIES, AND OTHERS. IT WILL BE THE SCA‚Ä¶"
91,2020-06-22 15:32:02,1275089168436060160,"@GrandpaSnarky It never ceases to amaze me how the USA has used mail-in ballots for years, yet tRumpf still can mak‚Ä¶ https://t.co/5k61yMew0D"
92,2020-06-22 15:30:19,1275088736372604928,"RT @realDonaldTrump: Because of MAIL-IN BALLOTS, 2020 will be the most RIGGED Election in our nations history - unless this stupidity is en‚Ä¶"
93,2020-06-22 15:26:54,1275087878138335232,"RT @realDonaldTrump: RIGGED 2020 ELECTION: MILLIONS OF MAIL-IN BALLOTS WILL BE PRINTED BY FOREIGN COUNTRIES, AND OTHERS. IT WILL BE THE SCA‚Ä¶"
94,2020-06-22 15:26:36,1275087803496439808,"RT @realDonaldTrump: Because of MAIL-IN BALLOTS, 2020 will be the most RIGGED Election in our nations history - unless this stupidity is en‚Ä¶"
95,2020-06-22 15:26:00,1275087651637473280,"RT @realDonaldTrump: Because of MAIL-IN BALLOTS, 2020 will be the most RIGGED Election in our nations history - unless this stupidity is en‚Ä¶"
96,2020-06-22 15:24:34,1275087290382127104,"RT @angie_keathly: Bolton condemned Trump‚Äôs presidency as dangerous to the US, arguing the 2020 election is the last ‚Äúguardrail‚Äù to protect‚Ä¶"
97,2020-06-22 15:19:02,1275085895268360198,"RT @realDonaldTrump: RIGGED 2020 ELECTION: MILLIONS OF MAIL-IN BALLOTS WILL BE PRINTED BY FOREIGN COUNTRIES, AND OTHERS. IT WILL BE THE SCA‚Ä¶"
98,2020-06-22 15:17:53,1275085609774862336,"RT @realDonaldTrump: RIGGED 2020 ELECTION: MILLIONS OF MAIL-IN BALLOTS WILL BE PRINTED BY FOREIGN COUNTRIES, AND OTHERS. IT WILL BE THE SCA‚Ä¶"
99,2020-06-22 15:17:46,1275085577206071301,RT @realDonaldTrump: Barr: Mail-in Ballots ‚ÄòAbsolutely Opens the Floodgates to Fraud‚Äò https://t.co/vd4AD3EPb0 via @BreitbartNews. This will‚Ä¶
100,2020-06-22 18:59:35,1275141399638310914,"RT @realDonaldTrump: RIGGED 2020 ELECTION: MILLIONS OF MAIL-IN BALLOTS WILL BE PRINTED BY FOREIGN COUNTRIES, AND OTHERS. IT WILL BE THE SCA‚Ä¶"
101,2020-06-22 18:58:17,1275141071316619270,RT @realDonaldTrump: Barr: Mail-in Ballots ‚ÄòAbsolutely Opens the Floodgates to Fraud‚Äò https://t.co/vd4AD3EPb0 via @BreitbartNews. This will‚Ä¶
102,2020-06-22 18:58:00,1275141003050135553,"RT @realDonaldTrump: RIGGED 2020 ELECTION: MILLIONS OF MAIL-IN BALLOTS WILL BE PRINTED BY FOREIGN COUNTRIES, AND OTHERS. IT WILL BE THE SCA‚Ä¶"
103,2020-06-22 18:57:00,1275140748401401859,"RT @realDonaldTrump: Because of MAIL-IN BALLOTS, 2020 will be the most RIGGED Election in our nations history - unless this stupidity is en‚Ä¶"
104,2020-06-22 18:54:42,1275140171483226115,"RT @ekww11: OKLAHOMA ‚õÖ‚ö°

Primary Election üá∫üá∏
June 30, 2020

Are you registered? 
https://t.co/Z1bt3OBIWr
Know your polling place? 
https://‚Ä¶"
105,2020-06-22 18:52:44,1275139675087187968,"RT @ekww11: OKLAHOMA ‚õÖ‚ö°

Primary Election üá∫üá∏
June 30, 2020

Are you registered? 
https://t.co/Z1bt3OBIWr
Know your polling place? 
https://‚Ä¶"
106,2020-06-22 18:50:27,1275139100962586625,"RT @ekww11: OKLAHOMA ‚õÖ‚ö°

Primary Election üá∫üá∏
June 30, 2020

Are you registered? 
https://t.co/Z1bt3OBIWr
Know your polling place? 
https://‚Ä¶"
107,2020-06-22 18:49:54,1275138964077363200,"RT @ekww11: COLORADO üèÇüèÇ

Primary Election üá∫üá∏
June 30, 2020

Are you registered? 
https://t.co/Z1bt3Ok84T
Know your polling place? 
https://‚Ä¶"
108,2020-06-22 18:46:23,1275138078978514954,"RT @ruthymunoz: Contrary to what POTUS is tweeting about Absentee Voting being the #ScandalofOurTimes, this article from April shows the su‚Ä¶"
109,2020-06-22 18:45:09,1275137766192488448,"RT @ekww11: COLORADO üèÇüèÇ

Primary Election üá∫üá∏
June 30, 2020

Are you registered? 
https://t.co/Z1bt3Ok84T
Know your polling place? 
https://‚Ä¶"
110,2020-06-22 18:43:59,1275137472679346178,"RT @ekww11: OKLAHOMA ‚õÖ‚ö°

Primary Election üá∫üá∏
June 30, 2020

Are you registered? 
https://t.co/Z1bt3OBIWr
Know your polling place? 
https://‚Ä¶"
111,2020-06-22 18:43:47,1275137423559856132,"RT @ekww11: OKLAHOMA ‚õÖ‚ö°

Primary Election üá∫üá∏
June 30, 2020

Are you registered? 
https://t.co/Z1bt3OBIWr
Know your polling place? 
https://‚Ä¶"
112,2020-06-22 18:38:38,1275136128086147073,"RT @DemocracyInn: BREAKING: As Trump continues to tweet lies about ""rigged"" elections due to mail-in ballots, it is important to remember t‚Ä¶"
113,2020-06-22 18:36:38,1275135625973444612,@realDonaldTrump @SteveHiltonx @FoxNews Your election in 2020 will be a tragic result for all of the USA. üá∫üá∏
114,2020-06-22 18:35:51,1275135428669120512,"RT @realDonaldTrump: RIGGED 2020 ELECTION: MILLIONS OF MAIL-IN BALLOTS WILL BE PRINTED BY FOREIGN COUNTRIES, AND OTHERS. IT WILL BE THE SCA‚Ä¶"
115,2020-06-22 18:31:50,1275134418642825217,"RT @realDonaldTrump: RIGGED 2020 ELECTION: MILLIONS OF MAIL-IN BALLOTS WILL BE PRINTED BY FOREIGN COUNTRIES, AND OTHERS. IT WILL BE THE SCA‚Ä¶"
116,2020-06-22 18:25:06,1275132722252599297,"RT @realDonaldTrump: Because of MAIL-IN BALLOTS, 2020 will be the most RIGGED Election in our nations history - unless this stupidity is en‚Ä¶"
117,2020-06-22 18:14:04,1275129945254178816,"@muntverzamelaar @BeTrueAnd Send me a direct statement from the founders of BLM, not detractors and conspiracy theo‚Ä¶ https://t.co/XFX7pSUC8H"
118,2020-06-22 18:07:52,1275128384096481280,"Gen-Z Who Agree (X) Had A Major Impact On Their Worldview:

Covid19: 75%
BLM: 68%
Trump's Election: 63%
Mass Shooti‚Ä¶ https://t.co/D20TkUPSxB"
119,2020-06-22 18:07:37,1275128321051897863,"RT @realDonaldTrump: RIGGED 2020 ELECTION: MILLIONS OF MAIL-IN BALLOTS WILL BE PRINTED BY FOREIGN COUNTRIES, AND OTHERS. IT WILL BE THE SCA‚Ä¶"
120,2020-06-22 18:07:03,1275128181788413957,"@realDonaldTrump Hey, how is 2020 official registration for foreign Countries willing to interfere in the #USA Elec‚Ä¶ https://t.co/fuJBy4FUhH"
121,2020-06-22 18:06:20,1275128001529856000,@weaverXP @realDonaldTrump How is the 2020 official registration for foreign Countries willing to interfere in the‚Ä¶ https://t.co/vF8YStttLV
122,2020-06-22 18:06:18,1275127990591127557,"RT @realDonaldTrump: RIGGED 2020 ELECTION: MILLIONS OF MAIL-IN BALLOTS WILL BE PRINTED BY FOREIGN COUNTRIES, AND OTHERS. IT WILL BE THE SCA‚Ä¶"
123,2020-06-22 17:55:45,1275125337341464578,"Supreme Court‚Äôs final day in session is next Monday, with 2 trump cases &amp; his resistance to release any and all fin‚Ä¶ https://t.co/FpIRnYQmU9"
124,2020-06-22 17:54:46,1275125089634312192,"RT @Anon_WWG1WGA: Recruiting teens and praising them on interfering in the 2020 election?  This doesn‚Äôt seem right to me, but shows the cha‚Ä¶"
125,2020-06-22 17:49:12,1275123688174739458,"@ChrisCoons https://t.co/WoWGhxAZba

https://t.co/w4gr6YkNfE

https://t.co/jvTnk9IPUg"
126,2020-06-22 17:49:07,1275123668226412544,"RT @realDonaldTrump: Because of MAIL-IN BALLOTS, 2020 will be the most RIGGED Election in our nations history - unless this stupidity is en‚Ä¶"
127,2020-06-22 17:45:32,1275122764102467584,"RT @ekww11: OKLAHOMA ‚õÖ‚ö°

Primary Election üá∫üá∏
June 30, 2020

Are you registered? 
https://t.co/Z1bt3OBIWr
Know your polling place? 
https://‚Ä¶"
128,2020-06-22 17:45:29,1275122754627518471,"RT @ekww11: COLORADO üèÇüèÇ

Primary Election üá∫üá∏
June 30, 2020

Are you registered? 
https://t.co/Z1bt3Ok84T
Know your polling place? 
https://‚Ä¶"
129,2020-06-22 17:44:58,1275122621315551233,"RT @VastFlash: @realDonaldTrump 

ELECTION YEAR 2020 ..NOV 3

A year of ANTIFA vs MAGA TRUMP PATRIOTS

DONALD J TRUMP  
-GREATEST PRESIDENT‚Ä¶"
130,2020-06-22 17:43:12,1275122176778285060,"RT @ekww11: COLORADO üèÇüèÇ

Primary Election üá∫üá∏
June 30, 2020

Are you registered? 
https://t.co/Z1bt3Ok84T
Know your polling place? 
https://‚Ä¶"
131,2020-06-22 17:42:38,1275122036650717184,"üëâWill J. Bolton's book cause a change in the thinking of the majority of Americans? 

November 2020 is election!¬† Q‚Ä¶ https://t.co/7e3um6StZH"
132,2020-06-22 17:39:43,1275121302920146949,"@KFravahar BEWARE AMERICA and retweet this:
Sadly, foreign countries and enemies of the USA attempt to interfere in‚Ä¶ https://t.co/YGFPC0ivIV"
133,2020-06-22 17:38:47,1275121066143342593,"RT @ekww11: COLORADO üèÇüèÇ

Primary Election üá∫üá∏
June 30, 2020

Are you registered? 
https://t.co/Z1bt3Ok84T
Know your polling place? 
https://‚Ä¶"
134,2020-06-22 17:38:43,1275121047746957312,"RT @realDonaldTrump: Because of MAIL-IN BALLOTS, 2020 will be the most RIGGED Election in our nations history - unless this stupidity is en‚Ä¶"
135,2020-06-22 17:38:06,1275120895653265410,"RT @ekww11: COLORADO üèÇüèÇ

Primary Election üá∫üá∏
June 30, 2020

Are you registered? 
https://t.co/Z1bt3Ok84T
Know your polling place? 
https://‚Ä¶"
136,2020-06-22 17:37:20,1275120702547300353,Your desperation is refreshing. I think I understand your concern about the 2020 election being the scandal of our‚Ä¶ https://t.co/dF37mCPauy
137,2020-06-22 17:33:15,1275119672740982785,"RT @ekww11: COLORADO üèÇüèÇ

Primary Election üá∫üá∏
June 30, 2020

Are you registered? 
https://t.co/Z1bt3Ok84T
Know your polling place? 
https://‚Ä¶"
138,2020-06-22 17:32:46,1275119551240339458,"RT @Trey_VonDinkis: .
üéª DAILY DOUCHE DIGEST

Never Trumper, World-class Doughnut Hoover George Conway in Direct Criminal Election Interfere‚Ä¶"
139,2020-06-22 17:32:18,1275119433472716800,"RT @ekww11: COLORADO üèÇüèÇ

Primary Election üá∫üá∏
June 30, 2020

Are you registered? 
https://t.co/Z1bt3Ok84T
Know your polling place? 
https://‚Ä¶"
140,2020-06-22 17:27:42,1275118277983789059,"RT @realDonaldTrump: Because of MAIL-IN BALLOTS, 2020 will be the most RIGGED Election in our nations history - unless this stupidity is en‚Ä¶"
141,2020-06-22 17:23:12,1275117146859884544,"RT @realDonaldTrump: Because of MAIL-IN BALLOTS, 2020 will be the most RIGGED Election in our nations history - unless this stupidity is en‚Ä¶"
142,2020-06-22 17:20:22,1275116432423096323,"RT @Holdon2Hope2020: @JuddLegum @mschlapp We the people of USA will boycott ALL states, countries, businesses who have illegally, unethical‚Ä¶"
143,2020-06-22 17:17:57,1275115822638383104,"RT @realDonaldTrump: RIGGED 2020 ELECTION: MILLIONS OF MAIL-IN BALLOTS WILL BE PRINTED BY FOREIGN COUNTRIES, AND OTHERS. IT WILL BE THE SCA‚Ä¶"
144,2020-06-22 17:15:21,1275115170138935300,USA - Sale temps pour Donald #Trump √† 133 jours de l'√©lection pr√©sidentielle #AFP https://t.co/YpjzZ23hu6
145,2020-06-22 17:15:20,1275115165919227904,"RT @realDonaldTrump: Because of MAIL-IN BALLOTS, 2020 will be the most RIGGED Election in our nations history - unless this stupidity is en‚Ä¶"
146,2020-06-22 17:14:23,1275114927712137217,"RT @realDonaldTrump: RIGGED 2020 ELECTION: MILLIONS OF MAIL-IN BALLOTS WILL BE PRINTED BY FOREIGN COUNTRIES, AND OTHERS. IT WILL BE THE SCA‚Ä¶"
147,2020-06-22 17:13:07,1275114608710344705,"@Glayol12 @realDonaldTrump @restartleader BEWARE AMERICA and retweet this:
Sadly, foreign countries and enemies of‚Ä¶ https://t.co/t0tMVzdWTK"
148,2020-06-22 17:12:27,1275114437368741893,"RT @realDonaldTrump: RIGGED 2020 ELECTION: MILLIONS OF MAIL-IN BALLOTS WILL BE PRINTED BY FOREIGN COUNTRIES, AND OTHERS. IT WILL BE THE SCA‚Ä¶"
149,2020-06-22 17:10:32,1275113957355778049,"RT @ekww11: OKLAHOMA ‚õÖ‚ö°

Primary Election üá∫üá∏
June 30, 2020

Are you registered? 
https://t.co/Z1bt3OBIWr
Know your polling place? 
https://‚Ä¶"
150,2020-06-22 17:10:05,1275113845514809344,"RT @ekww11: OKLAHOMA ‚õÖ‚ö°

Primary Election üá∫üá∏
June 30, 2020

Are you registered? 
https://t.co/Z1bt3OBIWr
Know your polling place? 
https://‚Ä¶"
151,2020-06-22 17:10:00,1275113823113011200,"RT @GlobalObserver2: @MatthewJshow @msb_miami @realDonaldTrump BEWARE AMERICA and retweet this:
Sadly, foreign countries and enemies of the‚Ä¶"
152,2020-06-22 17:08:40,1275113485442207751,"I believe that the USA is the best nation on Earth. Full of extremely bright, hard-working &amp; motivated people who t‚Ä¶ https://t.co/Bs6YnXsKNR"
153,2020-06-22 17:08:24,1275113420254253059,"@Mindarelli21 @realDonaldTrump BEWARE AMERICA and retweet this:
Sadly, foreign countries and enemies of the USA att‚Ä¶ https://t.co/EUKFqx7k9R"
154,2020-06-22 17:05:42,1275112741972344832,"RT @realDonaldTrump: RIGGED 2020 ELECTION: MILLIONS OF MAIL-IN BALLOTS WILL BE PRINTED BY FOREIGN COUNTRIES, AND OTHERS. IT WILL BE THE SCA‚Ä¶"
155,2020-06-22 17:02:23,1275111907364605953,"COLORADO üèÇüèÇ

Primary Election üá∫üá∏
June 30, 2020

Are you registered? 
https://t.co/Z1bt3Ok84T
Know your polling plac‚Ä¶ https://t.co/RGMfWelcx9"
156,2020-06-22 16:59:58,1275111299320442881,"RT @Holdon2Hope2020: @JuddLegum @mschlapp We the people of USA will boycott ALL states, countries, businesses who have illegally, unethical‚Ä¶"
157,2020-06-22 16:56:43,1275110481959714817,"RT @realDonaldTrump: Because of MAIL-IN BALLOTS, 2020 will be the most RIGGED Election in our nations history - unless this stupidity is en‚Ä¶"
158,2020-06-22 16:44:39,1275107443710857229,"RT @angie_keathly: Bolton condemned Trump‚Äôs presidency as dangerous to the US, arguing the 2020 election is the last ‚Äúguardrail‚Äù to protect‚Ä¶"
159,2020-06-22 16:39:22,1275106112895942658,"RT @realDonaldTrump: Because of MAIL-IN BALLOTS, 2020 will be the most RIGGED Election in our nations history - unless this stupidity is en‚Ä¶"
160,2020-06-22 16:36:27,1275105381707022336,"RT @ekww11: OKLAHOMA ‚õÖ‚ö°

Primary Election üá∫üá∏
June 30, 2020

Are you registered? 
https://t.co/Z1bt3OBIWr
Know your polling place? 
https://‚Ä¶"
161,2020-06-22 16:36:10,1275105307442716673,"Contrary to what POTUS is tweeting about Absentee Voting being the #ScandalofOurTimes, this article from April show‚Ä¶ https://t.co/5byuK7al5r"
162,2020-06-22 16:34:34,1275104907079544840,'Systematic Assault on Legitimacy of Our Election': Trump Launches Conspiratorial Attack on Mail-In Voting‚Ä¶ https://t.co/J2IHNuxJtS
163,2020-06-22 16:34:14,1275104822832832521,"@CraigSh8 @MatthewJshow @realDonaldTrump BEWARE AMERICA and retweet this:
Sadly, foreign countries and enemies of t‚Ä¶ https://t.co/dLB4HKHep7"
164,2020-06-22 16:33:56,1275104747398352900,"RT @realDonaldTrump: RIGGED 2020 ELECTION: MILLIONS OF MAIL-IN BALLOTS WILL BE PRINTED BY FOREIGN COUNTRIES, AND OTHERS. IT WILL BE THE SCA‚Ä¶"
165,2020-06-22 16:33:41,1275104683099664385,"@MatthewJshow @msb_miami @realDonaldTrump BEWARE AMERICA and retweet this:
Sadly, foreign countries and enemies of‚Ä¶ https://t.co/xGdDvuaSAw"
166,2020-06-22 16:31:56,1275104243897131011,"@IvankaTrump @Mike_Pence @VP @realDonaldTrump @POTUS 
Conctng dots..
In 2020 der is election in #USA &amp; exactly befo‚Ä¶ https://t.co/VRFpsdEbQC"
167,2020-06-22 16:23:13,1275102051371024385,"RT @GlobalObserver2: @CraigSh8 @MatthewJshow @realDonaldTrump BEWARE AMERICA and retweet this:
Unfortunately, foreign countries and enemies‚Ä¶"
168,2020-06-22 16:14:55,1275099961533792256,"RT @axios: Trump also denied John Bolton's claim that he asked Xi to increase China's farm purchases to help him win in 2020.

But he added‚Ä¶"
169,2020-06-22 16:13:44,1275099662035431426,"RT @ekww11: OKLAHOMA ‚õÖ‚ö°

Primary Election üá∫üá∏
June 30, 2020

Are you registered? 
https://t.co/Z1bt3OBIWr
Know your polling place? 
https://‚Ä¶"
170,2020-06-22 16:13:43,1275099659434971137,"@CraigSh8 @MatthewJshow @realDonaldTrump BEWARE AMERICA and retweet this:
Unfortunately, foreign countries and enem‚Ä¶ https://t.co/Fc9VVTzMCl"
171,2020-06-22 16:12:04,1275099245520072705,RT @realDonaldTrump: Barr: Mail-in Ballots ‚ÄòAbsolutely Opens the Floodgates to Fraud‚Äò https://t.co/vd4AD3EPb0 via @BreitbartNews. This will‚Ä¶
172,2020-06-22 16:11:57,1275099213047750657,"RT @realDonaldTrump: RIGGED 2020 ELECTION: MILLIONS OF MAIL-IN BALLOTS WILL BE PRINTED BY FOREIGN COUNTRIES, AND OTHERS. IT WILL BE THE SCA‚Ä¶"
173,2020-06-22 16:11:49,1275099180810330114,"RT @realDonaldTrump: Because of MAIL-IN BALLOTS, 2020 will be the most RIGGED Election in our nations history - unless this stupidity is en‚Ä¶"
174,2020-06-22 16:11:17,1275099047318224899,"'Chinese-backed hackers were observed targeting former VP Joe Biden's campaign staff, Google said hackers didn't ap‚Ä¶ https://t.co/OCtS63b5G1"
175,2020-06-22 16:05:36,1275097614585933825,"@realDonaldTrump You joke about COVID_19 while Americans deal with a Pandemic? 2,363,825 US cases, 122,292 US death‚Ä¶ https://t.co/Xu6kUxuhzW"
176,2020-06-22 16:02:05,1275096730569256966,"RT @ekww11: OKLAHOMA ‚õÖ‚ö°

Primary Election üá∫üá∏
June 30, 2020

Are you registered? 
https://t.co/Z1bt3OBIWr
Know your polling place? 
https://‚Ä¶"
177,2020-06-22 15:58:39,1275095868430041088,"RT @angie_keathly: Bolton condemned Trump‚Äôs presidency as dangerous to the US, arguing the 2020 election is the last ‚Äúguardrail‚Äù to protect‚Ä¶"
178,2020-06-22 15:56:56,1275095434558652418,"RT @Concealcarrygrl: Ok listen up. Gen Z voters seem to have the mistaken impression that doing ""things"" changes the hearts of people. Such‚Ä¶"
179,2020-06-22 15:52:01,1275094198174339073,"RT @realDonaldTrump: RIGGED 2020 ELECTION: MILLIONS OF MAIL-IN BALLOTS WILL BE PRINTED BY FOREIGN COUNTRIES, AND OTHERS. IT WILL BE THE SCA‚Ä¶"
180,2020-06-22 15:50:09,1275093728244518912,"RT @USA_4Trump_2020: I'm a big time conservative &amp; I love my country &amp; my president. BUT, until @realDonaldTrump &amp; Bill Barr &amp; the rest of‚Ä¶"
181,2020-06-22 15:48:56,1275093420512600064,"Based on most recent opinion polls, the Biden versus Trump contest in the USA looks like this. Still a long time to‚Ä¶ https://t.co/IVULIYg5Pr"
182,2020-06-22 15:48:32,1275093320335626246,"RT @ekww11: OKLAHOMA ‚õÖ‚ö°

Primary Election üá∫üá∏
June 30, 2020

Are you registered? 
https://t.co/Z1bt3OBIWr
Know your polling place? 
https://‚Ä¶"
183,2020-06-22 15:48:07,1275093218309308416,"RT @Turfline: @washingtonpost It tells you that DemocRATs will do anything to stop Trump, even sell their own souls.

 Trump will win Nov.‚Ä¶"
184,2020-06-22 15:47:59,1275093184117342208,"@washingtonpost It tells you that DemocRATs will do anything to stop Trump, even sell their own souls.

 Trump will‚Ä¶ https://t.co/Wsywvrg5I9"
185,2020-06-22 15:47:53,1275093155671683073,"RT @realDonaldTrump: Because of MAIL-IN BALLOTS, 2020 will be the most RIGGED Election in our nations history - unless this stupidity is en‚Ä¶"
186,2020-06-22 15:47:25,1275093040500219904,"RT @ekww11: OKLAHOMA ‚õÖ‚ö°

Primary Election üá∫üá∏
June 30, 2020

Are you registered? 
https://t.co/Z1bt3OBIWr
Know your polling place? 
https://‚Ä¶"
187,2020-06-22 15:44:13,1275092235995021314,#Trump would say anything to be re-elected! His half full #TulsaFlop hurt his feelings. Watch out USA he won't go w‚Ä¶ https://t.co/2zSi8ShPFU
188,2020-06-22 15:42:15,1275091737875185664,@malarkeyfree @USA_Polling @xRj_Dellasallex As far as Kentucky goes it's ultimately up to the counties but the stat‚Ä¶ https://t.co/KD0tMt6Kj0
189,2020-06-22 15:39:21,1275091010377461760,RT @PamelaGeller: Alexandria Ocasio-Cortez BRAGS  about directing children to interfere in an American election via CHINA‚ÄôS TikTok: ‚ÄòY‚Äôall‚Ä¶
190,2020-06-22 15:33:15,1275089474888892417,"RT @realDonaldTrump: RIGGED 2020 ELECTION: MILLIONS OF MAIL-IN BALLOTS WILL BE PRINTED BY FOREIGN COUNTRIES, AND OTHERS. IT WILL BE THE SCA‚Ä¶"
191,2020-06-22 15:32:02,1275089168436060160,"@GrandpaSnarky It never ceases to amaze me how the USA has used mail-in ballots for years, yet tRumpf still can mak‚Ä¶ https://t.co/5k61yMew0D"
192,2020-06-22 15:30:19,1275088736372604928,"RT @realDonaldTrump: Because of MAIL-IN BALLOTS, 2020 will be the most RIGGED Election in our nations history - unless this stupidity is en‚Ä¶"
193,2020-06-22 15:26:54,1275087878138335232,"RT @realDonaldTrump: RIGGED 2020 ELECTION: MILLIONS OF MAIL-IN BALLOTS WILL BE PRINTED BY FOREIGN COUNTRIES, AND OTHERS. IT WILL BE THE SCA‚Ä¶"
194,2020-06-22 15:26:36,1275087803496439808,"RT @realDonaldTrump: Because of MAIL-IN BALLOTS, 2020 will be the most RIGGED Election in our nations history - unless this stupidity is en‚Ä¶"
195,2020-06-22 15:26:00,1275087651637473280,"RT @realDonaldTrump: Because of MAIL-IN BALLOTS, 2020 will be the most RIGGED Election in our nations history - unless this stupidity is en‚Ä¶"
196,2020-06-22 15:24:34,1275087290382127104,"RT @angie_keathly: Bolton condemned Trump‚Äôs presidency as dangerous to the US, arguing the 2020 election is the last ‚Äúguardrail‚Äù to protect‚Ä¶"
197,2020-06-22 15:19:02,1275085895268360198,"RT @realDonaldTrump: RIGGED 2020 ELECTION: MILLIONS OF MAIL-IN BALLOTS WILL BE PRINTED BY FOREIGN COUNTRIES, AND OTHERS. IT WILL BE THE SCA‚Ä¶"
198,2020-06-22 15:17:53,1275085609774862336,"RT @realDonaldTrump: RIGGED 2020 ELECTION: MILLIONS OF MAIL-IN BALLOTS WILL BE PRINTED BY FOREIGN COUNTRIES, AND OTHERS. IT WILL BE THE SCA‚Ä¶"
199,2020-06-22 15:17:46,1275085577206071301,RT @realDonaldTrump: Barr: Mail-in Ballots ‚ÄòAbsolutely Opens the Floodgates to Fraud‚Äò https://t.co/vd4AD3EPb0 via @BreitbartNews. This will‚Ä¶
